id,crew,experiment,time,seat,eeg_fp1,eeg_f7,eeg_f8,eeg_t4,eeg_t6,eeg_t5,eeg_t3,eeg_fp2,eeg_o1,eeg_p3,eeg_pz,eeg_f3,eeg_fz,eeg_f4,eeg_c4,eeg_p4,eeg_poz,eeg_c3,eeg_cz,eeg_o2,ecg,r,gsr
0,1,LOFT,0,0,17.8995,6.12783,0.994807,-28.2062,-47.695499,-187.080002,-33.183498,-4.22078,8.17816,33.160301,33.8125,21.744699,16.2938,-7.04448,-14.4051,-4.03384,-0.393799,31.8381,17.0756,-8.13735,-7323.120117,643.177002,594.778992
